upload_date,file_size_b,bucket,file_name
3/11/2021 11:05,7832,creatives,
8/26/2020 17:43,49014,creatives,0-79956-627x627.jpg
4/1/2024 16:53,118067,creatives,2a293f7b3d88c205b239e6c880e448b3.jpg
4/16/2021 18:18,51612,creatives,0-years-old-candle-22504-627x627.jpg
4/20/2022 23:33,45612,creatives,00-2011-toyota-corolla-1289944560-30798-627x627.jpg
10/5/2020 22:22,86361,creatives,00-80419-627x627.jpg
8/15/2020 5:37,101432,creatives,0000-53887-627x627.jpeg
4/7/2022 23:11,59739,creatives,000000000_os_003d_e356257aab805f1f7f16c98fa1fdd063-53819-29008-627x627.jpg
3/29/2024 4:09,81122,creatives,46ff5ae7be1759292d6a259da42ae3b6.jpg
3/29/2024 4:09,102672,creatives,884cdda9ceb754dc905d5be768700463.jpg
5/28/2020 20:44,38502,creatives,0000318005-008-96926-18178-627x627.jpg
11/4/2019 21:02,447586,creatives,0000318005-008-96926-18178.jpg
6/26/2021 21:10,98042,creatives,00003cc6add5d253cf111dcc9f61193a-1200x627.jpeg
6/26/2021 21:10,55069,creatives,00003cc6add5d253cf111dcc9f61193a-627x627.jpeg
6/13/2022 22:19,68680,creatives,000076_1280x720_3385_167-55487-1-91821-1-40552-1200x627.jpg
6/13/2022 22:19,41980,creatives,000076_1280x720_3385_167-55487-1-91821-1-40552-627x627.jpg
9/3/2021 12:14,97809,creatives,0000c01b020c97628437bf9f88f940ca-1200x627.jpeg
9/3/2021 12:14,54536,creatives,0000c01b020c97628437bf9f88f940ca-627x627.jpeg
12/5/2021 17:12,66126,creatives,0000c4051920bde2d27f4234077e81b3-1200x627.jpeg
12/5/2021 17:12,35294,creatives,0000c4051920bde2d27f4234077e81b3-627x627.jpeg
4/8/2021 9:10,75612,creatives,0000f691d6f1986f88024660e5f5a133-1200x627.jpeg
4/8/2021 9:10,49611,creatives,0000f691d6f1986f88024660e5f5a133-627x627.jpeg
3/29/2024 4:09,146840,creatives,d98389b060ded14206c65abce3ca13d2.jpg
11/27/2021 9:12,100825,creatives,000133f18bbe5f9f7489ee70a94d2d72-1200x627.jpeg
11/27/2021 9:12,69069,creatives,000133f18bbe5f9f7489ee70a94d2d72-627x627.jpeg
12/3/2020 18:52,58333,creatives,0001875cc2efda4807b115804c1c7db7-1200x627.jpeg
12/3/2020 18:52,32720,creatives,0001875cc2efda4807b115804c1c7db7-627x627.jpeg
11/27/2020 9:49,42013,creatives,0001b9474903c41ee8130cc685960a46-1200x627.jpeg
11/27/2020 9:49,28514,creatives,0001b9474903c41ee8130cc685960a46-627x627.jpeg
8/11/2021 18:19,50312,creatives,000252431-35987-627x627.jpg
11/12/2021 17:13,58036,creatives,0002692091bf30725efec65fffa1a9f9-1200x627.jpeg
11/12/2021 17:13,32714,creatives,0002692091bf30725efec65fffa1a9f9-627x627.jpeg
12/5/2021 9:13,77054,creatives,00032fccbdc1758eadf346ec570d36b1-1200x627.jpeg
12/5/2021 9:13,42969,creatives,00032fccbdc1758eadf346ec570d36b1-627x627.jpeg
11/27/2021 9:12,102093,creatives,0003694725f0e8b19725d27ea27867f7-1200x627.jpeg
11/27/2021 9:12,54400,creatives,0003694725f0e8b19725d27ea27867f7-627x627.jpeg
4/23/2020 18:46,824106,creatives,0003963cf8889d6874d302cf7186a78c.jpeg
12/8/2021 17:12,55141,creatives,0003c55a7f826214a31aafd17d81b751-1200x627.jpeg
12/8/2021 17:12,27778,creatives,0003c55a7f826214a31aafd17d81b751-627x627.jpeg
6/25/2021 1:10,110081,creatives,00041f7340135764b7214338df06d1e7-1200x627.jpeg
6/25/2021 1:10,59356,creatives,00041f7340135764b7214338df06d1e7-627x627.jpeg
11/3/2020 1:47,46198,creatives,00044e0721959a98c546a237b4e883a0-1200x627.jpeg
11/3/2020 1:47,30564,creatives,00044e0721959a98c546a237b4e883a0-627x627.jpeg
11/24/2020 8:53,85529,creatives,0004d2f4b6aa430f2b454757bc89daf6-1200x627.jpeg
11/24/2020 8:53,54508,creatives,0004d2f4b6aa430f2b454757bc89daf6-627x627.jpeg
5/4/2021 17:11,59818,creatives,000532654fbce9758ca22e002849c489-1200x627.jpeg
5/4/2021 17:11,47848,creatives,000532654fbce9758ca22e002849c489-627x627.jpeg
10/20/2021 9:11,74305,creatives,00056d8abd2b482d561e8369b5ee037a-1200x627.jpeg
10/20/2021 9:11,43071,creatives,00056d8abd2b482d561e8369b5ee037a-627x627.jpeg
10/19/2021 9:12,107804,creatives,0005a5515cb385dabe830f443dd3f98f-1200x627.jpeg
10/19/2021 9:12,59715,creatives,0005a5515cb385dabe830f443dd3f98f-627x627.jpeg
10/29/2021 9:15,99873,creatives,0005c7df207316276dde3343e069dfbf-1200x627.jpeg
10/29/2021 9:15,55442,creatives,0005c7df207316276dde3343e069dfbf-627x627.jpeg
7/8/2021 17:10,117520,creatives,00060c6b0e9c0fb23aab07d32fcae513-1200x627.jpeg
7/8/2021 17:10,60521,creatives,00060c6b0e9c0fb23aab07d32fcae513-627x627.jpeg
7/9/2022 0:44,72070,creatives,00064fd946fe1c4dbb70b4c98c247149-1200x627.jpeg
7/9/2022 0:44,39868,creatives,00064fd946fe1c4dbb70b4c98c247149-627x627.jpeg
10/28/2020 17:05,52548,creatives,0006ad9ed1b7c8b1f29dd24f5115ddb8-1200x627.jpeg
10/28/2020 17:05,45162,creatives,0006ad9ed1b7c8b1f29dd24f5115ddb8-627x627.jpeg
11/21/2020 2:48,185990,creatives,0006d7a8d3223a3a2036866af598e2bc-1200x627.jpeg
11/21/2020 2:48,105481,creatives,0006d7a8d3223a3a2036866af598e2bc-627x627.jpeg
10/17/2021 17:11,69688,creatives,0006ed71dca1f2da3186cd009bc8e0da-1200x627.jpeg
10/17/2021 17:11,43529,creatives,0006ed71dca1f2da3186cd009bc8e0da-627x627.jpeg
5/16/2021 9:11,50770,creatives,00077f1914d835e45b537e294f10d6be-1200x627.jpeg
5/16/2021 9:11,33434,creatives,00077f1914d835e45b537e294f10d6be-627x627.jpeg
11/20/2021 9:12,60772,creatives,0007cda3070c6015605b118acd6b5b5f-1200x627.jpeg
11/20/2021 9:12,32807,creatives,0007cda3070c6015605b118acd6b5b5f-627x627.jpeg
11/26/2020 18:47,121163,creatives,000862ed282138b04ee3f31102a930ec-1200x627.jpeg
11/26/2020 18:47,69996,creatives,000862ed282138b04ee3f31102a930ec-627x627.jpeg
8/29/2021 9:12,83930,creatives,000864b8e88b715e18346cf2da618f59-1200x627.jpeg
8/29/2021 9:12,47953,creatives,000864b8e88b715e18346cf2da618f59-627x627.jpeg
12/5/2021 1:12,109766,creatives,000989f4d73d276203d3f6f6753d9491-1200x627.jpeg
12/5/2021 1:12,58564,creatives,000989f4d73d276203d3f6f6753d9491-627x627.jpeg
12/6/2020 9:17,68043,creatives,0009b18dc496d44424e7110f2f59e896-1200x627.jpeg
12/6/2020 9:17,40092,creatives,0009b18dc496d44424e7110f2f59e896-627x627.jpeg
2/11/2022 1:11,65193,creatives,0009e916102c5e9ce1733149b8e8114b-1200x627.jpeg
2/11/2022 1:11,38706,creatives,0009e916102c5e9ce1733149b8e8114b-627x627.jpeg
6/21/2021 23:28,67566,creatives,000_chip-joanna-dream-farmhouse-43234-627x627.jpg
4/17/2020 18:25,860262,creatives,000_chip-joanna-dream-farmhouse-43234.jpg
10/25/2020 1:45,84044,creatives,000a03f31ee30a14ebb4e6c6dfc21d4e-1200x627.jpeg
10/25/2020 1:45,51097,creatives,000a03f31ee30a14ebb4e6c6dfc21d4e-627x627.jpeg
7/15/2021 17:10,89520,creatives,000a4a038d40f77ac78759e85039505b-1200x627.jpeg
7/15/2021 17:10,48512,creatives,000a4a038d40f77ac78759e85039505b-627x627.jpeg
3/24/2021 9:45,168669,creatives,000a50311784b3bc7906dabcd4b69509-1200x627.jpeg
3/24/2021 9:45,91136,creatives,000a50311784b3bc7906dabcd4b69509-627x627.jpeg
12/6/2020 9:47,85493,creatives,000ac014f917d82227d605229c0e9f67-1200x627.jpeg
12/6/2020 9:47,49445,creatives,000ac014f917d82227d605229c0e9f67-627x627.jpeg
9/4/2021 17:11,57535,creatives,000ac38f04830e2639eb6cba163c72c3-1200x627.jpeg
9/4/2021 17:11,29717,creatives,000ac38f04830e2639eb6cba163c72c3-627x627.jpeg
11/12/2021 9:14,54664,creatives,000af552031dc573e0fe5ddea7a0c23d-1200x627.jpeg
11/12/2021 9:14,30768,creatives,000af552031dc573e0fe5ddea7a0c23d-627x627.jpeg
6/16/2020 1:46,36912,creatives,000b70b5d80ba6b96053a601ad08625e-1200x627.jpeg
6/16/2020 1:46,24684,creatives,000b70b5d80ba6b96053a601ad08625e-627x627.jpeg
11/3/2021 17:12,65193,creatives,000b882f6f9cb042f1ef817a119e6c9f-1200x627.jpeg
11/3/2021 17:12,38708,creatives,000b882f6f9cb042f1ef817a119e6c9f-627x627.jpeg
11/25/2020 18:46,43911,creatives,000bb161b29e638b6a5c901a2c14fd19-1200x627.jpeg
11/25/2020 18:46,24677,creatives,000bb161b29e638b6a5c901a2c14fd19-627x627.jpeg
2/24/2021 9:49,168008,creatives,000bbb31963cddf5ec509d78980dc729-1200x627.jpeg
2/24/2021 9:49,90458,creatives,000bbb31963cddf5ec509d78980dc729-627x627.jpeg
,,,
,,,
,,,
,,,
,,,
,,,
,,,
,,,
,,,
,,,
,,,
,,,
,,,
,,,
,,,
,,,
,,,
,,,
,,,
,,,
,,,
,,,
,,,
,,,
,,,
,,,
,,,
,,,
,,,
,,,
,,,
,,,
,,,
,,,
,,,
,,,
,,,
,,,
,,,
,,,
,,,
,,,
,,,
,,,
,,,
,,,
,,,
,,,
,,,
,,,
,,,
,,,
,,,
,,,
,,,
,,,
,,,
,,,
,,,
,,,
,,,
,,,
,,,
,,,
,,,
,,,
,,,
,,,
,,,
,,,
,,,
,,,
,,,
,,,
,,,
,,,
,,,
,,,
,,,
,,,
,,,
,,,
,,,
,,,
,,,
,,,
,,,
,,,
,,,
,,,
,,,
,,,
,,,
,,,
,,,
,,,
,,,
,,,
,,,
,,,
,,,
,,,
,,,
,,,
,,,
,,,
,,,
,,,
,,,
,,,
,,,
,,,
,,,
,,,
,,,
,,,
,,,
,,,
,,,
,,,
,,,
,,,
,,,
,,,
,,,
,,,
,,,
,,,
,,,
,,,
,,,
,,,
,,,
,,,
,,,
,,,
,,,
,,,
,,,
,,,
,,,
,,,
,,,
,,,
,,,
,,,
,,,
,,,
,,,
,,,
,,,
,,,
,,,
,,,
,,,
,,,
,,,
,,,
,,,
,,,
,,,
,,,
,,,
,,,
,,,
,,,
,,,
,,,
,,,
,,,
,,,
,,,
,,,
,,,
,,,
,,,
,,,
,,,
,,,
,,,
,,,
,,,
,,,
,,,
,,,
,,,
,,,
,,,
,,,
,,,
,,,
,,,
,,,
,,,
,,,
,,,
,,,
,,,
,,,
,,,
,,,
